,Mer,Over,Under,Smeg TUD
0,AAATTT,38.0,589,0.6488636512650451
1,AACGTT,21.0,449,0.6606030961994633
2,AAGCTT,2.0,533,0.3267307205527076
3,AATATT,8.0,569,0.389318190759027
4,ACATGT,72.0,56,1.3926227433394094
5,ACCGGT,62.0,153,1.8883122009597368
6,ACGCGT,22.0,299,1.1554533082829703
7,AGATCT,376.0,255,2.546000041028202
8,AGCGCT,2.0,212,0.6723092975553242
9,AGGCCT,19.0,608,0.661034545360297
10,AGTACT,86.0,294,1.1069565395774792
11,ATATAT,6.0,794,0.3740508107292613
12,ATCGAT,221.0,343,2.6406269710243415
13,ATGCAT,17.0,651,0.47849089130123296
14,CAATTG,20.0,489,0.5909719590324929
15,CAGCTG,125.0,396,1.0660904575520143
16,CATATG,3.0,566,0.367795237343485
17,CCATGG,5.0,467,0.9328813482848413
18,CCGCGG,16.0,481,1.3315911232025588
19,CGATCG,351.0,412,3.2333483794850157
20,CGCGCG,16.0,249,1.0788290704778836
21,CGGCCG,42.0,318,1.3312004554240044
22,CGTACG,12.0,188,0.8301558282857048
23,CTCGAG,26.0,541,1.0978267970639426
24,CTGCAG,122.0,260,1.6845314946199863
25,CTTAAG,18.0,774,0.05177699943184983
26,GAATTC,96.0,481,2.1371402868939398
27,GACGTC,276.0,397,2.548929162905403
28,GAGCTC,288.0,361,0.8957164243827146
29,GATATC,78.0,365,1.0641066090131897
30,GCCGGC,31.0,487,0.8351500436045973
31,GCGCGC,8.0,297,1.0402506273456398
32,GGATCC,51.0,614,1.1905303151119437
33,GGCGCC,17.0,536,0.8739238206261182
34,GTCGAC,694.0,16,4.170405561916164
35,GTGCAC,17.0,477,1.3884648536468653
36,GTTAAC,4.0,726,0.15711641206906157
37,TACGTA,26.0,586,0.29637868640300247
38,TATATA,7.0,805,0.12213904023812612
39,TCATGA,394.0,50,2.1264278042528675
40,TCCGGA,51.0,461,0.785056819505596
41,TCGCGA,93.0,142,2.065785152177757
42,TGATCA,748.0,28,5.3205330450659485
43,TGCGCA,63.0,246,1.8686857804720969
44,TGGCCA,215.0,312,1.533366298523696
45,TGTACA,67.0,286,1.1890855731590342
46,TTCGAA,79.0,457,2.005019667654047
47,TTGCAA,4.0,521,0.36600982356997297
48,ACTAGT,0.0,807,0.10891024018423585
49,ATTAAT,0.0,705,0.2748128405357838
50,CACGTG,0.0,293,1.0385299521863922
51,CCCGGG,0.0,594,0.3208359131377736
52,CCTAGG,0.0,825,0.043428675121586165
53,CTATAG,0.0,765,0.05534782697887396
54,GCATGC,0.0,451,0.9053208429192192
55,GCTAGC,0.0,805,0.06013201170681161
56,GGGCCC,0.0,703,0.2840154750090246
57,GGTACC,0.0,118,0.6359795404824589
58,GTATAC,0.0,737,0.1553309982955495
59,TAATTA,0.0,772,0.1908422503720721
60,TAGCTA,0.0,701,0.08569986112857904
61,TCTAGA,0.0,737,0.14818934320150123
62,TTATAA,0.0,814,0.0458021400892973
63,TTTAAA,0.0,785,0.08397059016371171
